Adapter_name,i5_index_name,i5_index,i7_index_name,i7_index
IDT10_UDI_1,IDT10_i5_1,GATTCACGAC,IDT10_i7_1,TAACTTGGTC
IDT10_UDI_2,IDT10_i5_2,CGTAGAACAG,IDT10_i7_2,ATAAGCGGAG
IDT10_UDI_3,IDT10_i5_3,ACCTAAGAGC,IDT10_i7_3,CGACCTTAAT
IDT10_UDI_4,IDT10_i5_4,ATGGCTTCTA,IDT10_i7_4,ATGTTGCCAC
IDT10_UDI_5,IDT10_i5_5,TACCTAAGTG,IDT10_i7_5,CAGCAGGTCA
IDT10_UDI_6,IDT10_i5_6,CCTTACCTAT,IDT10_i7_6,TCTAGCTGCG
IDT10_UDI_7,IDT10_i5_7,ATATAAGGCG,IDT10_i7_7,AGATTAGCGT
IDT10_UDI_8,IDT10_i5_8,AGCATCGTGC,IDT10_i7_8,AGGTAACAAC
IDT10_UDI_9,IDT10_i5_9,CTGGCATATT,IDT10_i7_9,CGCACTTCGT
IDT10_UDI_10,IDT10_i5_10,CGTGACTCTA,IDT10_i7_10,CTTGCTATTC
IDT10_UDI_11,IDT10_i5_11,GACCTGTTAA,IDT10_i7_11,TCTCACCAGG
IDT10_UDI_12,IDT10_i5_12,TGGCTCATGT,IDT10_i7_12,TTCCTCACGT
IDT10_UDI_13,IDT10_i5_13,AGAACCTCGC,IDT10_i7_13,TCGAACACGA
IDT10_UDI_14,IDT10_i5_14,CCTACGGACA,IDT10_i7_14,TCCAACTGAA
IDT10_UDI_15,IDT10_i5_15,AGGCATAATG,IDT10_i7_15,GAACCGCATT
IDT10_UDI_16,IDT10_i5_16,CAACAGTGGA,IDT10_i7_16,ACAACAGGCT
IDT10_UDI_17,IDT10_i5_17,TGTCGTTAAG,IDT10_i7_17,TTACGCGCAT
IDT10_UDI_18,IDT10_i5_18,AGCTCGAGGA,IDT10_i7_18,TTCTCTTAGC
IDT10_UDI_19,IDT10_i5_19,ACATTACTCG,IDT10_i7_19,TCGCGACACT
IDT10_UDI_20,IDT10_i5_20,CATACCGCTG,IDT10_i7_20,TGGAGATCGA
IDT10_UDI_21,IDT10_i5_21,TGCAAGTAGC,IDT10_i7_21,CCAGACCGAT
IDT10_UDI_22,IDT10_i5_22,CTTCAATAGC,IDT10_i7_22,CCACAGCCTT
IDT10_UDI_23,IDT10_i5_23,CGGATGCTGA,IDT10_i7_23,ACCGAATAGA
IDT10_UDI_24,IDT10_i5_24,CCACCACCTA,IDT10_i7_24,CGGACGATTC
IDT10_UDI_25,IDT10_i5_25,ATCCGATCTT,IDT10_i7_25,TTACTTCGTG
IDT10_UDI_26,IDT10_i5_26,CGGACGTTAA,IDT10_i7_26,ATTCGGCTTA
IDT10_UDI_27,IDT10_i5_27,GATCGGTAAT,IDT10_i7_27,CGCGGTATCT
IDT10_UDI_28,IDT10_i5_28,ACGATGCAAC,IDT10_i7_28,TATCCGCGTC
IDT10_UDI_29,IDT10_i5_29,AACGTCCAGT,IDT10_i7_29,AGGATGTCCA
IDT10_UDI_30,IDT10_i5_30,ACACGAACAA,IDT10_i7_30,GCCAGCTATC
IDT10_UDI_31,IDT10_i5_31,CTCAGTCCGT,IDT10_i7_31,CTTACGAACT
IDT10_UDI_32,IDT10_i5_32,TATGACGGTG,IDT10_i7_32,CAAGACTCAA
IDT10_UDI_33,IDT10_i5_33,ACACAACTAC,IDT10_i7_33,TCGACGGCAA
IDT10_UDI_34,IDT10_i5_34,AAGGACTCAG,IDT10_i7_34,TCAGTTCGAT
IDT10_UDI_35,IDT10_i5_35,GCAACTGTGA,IDT10_i7_35,CTAACCTCAA
IDT10_UDI_36,IDT10_i5_36,CGCTTACAAT,IDT10_i7_36,GACCTACTAT
IDT10_UDI_37,IDT10_i5_37,AGAGAGACCG,IDT10_i7_37,ACGAGACGTC
IDT10_UDI_38,IDT10_i5_38,CATTGCTGTT,IDT10_i7_38,TATGGCAAGC
IDT10_UDI_39,IDT10_i5_39,GCAACACGGA,IDT10_i7_39,ACTCCGAAGC
IDT10_UDI_40,IDT10_i5_40,TCACTTCGCA,IDT10_i7_40,AATCTGCAGT
IDT10_UDI_41,IDT10_i5_41,AATAGCTGTG,IDT10_i7_41,AGTTCAGGCG
IDT10_UDI_42,IDT10_i5_42,GAACACTATC,IDT10_i7_42,CGCCAAGGTA
IDT10_UDI_43,IDT10_i5_43,CTGGTAGCTA,IDT10_i7_43,CCTGACATCT
IDT10_UDI_44,IDT10_i5_44,TGCGTGAGCA,IDT10_i7_44,CGAGCGTAGT
IDT10_UDI_45,IDT10_i5_45,TAGCACACTT,IDT10_i7_45,CTGGATTACT
IDT10_UDI_46,IDT10_i5_46,CAGACGATGA,IDT10_i7_46,AGCAATTCAC
IDT10_UDI_47,IDT10_i5_47,CGGAGCATCT,IDT10_i7_47,ATATTCTCGG
IDT10_UDI_48,IDT10_i5_48,CGCTTGGTTC,IDT10_i7_48,GACTCATCCA
IDT10_UDI_49,IDT10_i5_49,CTTGAAGAGG,IDT10_i7_49,CATAAGCGAC
IDT10_UDI_50,IDT10_i5_50,AGATGCGACG,IDT10_i7_50,CCTAAGCTGA
IDT10_UDI_51,IDT10_i5_51,GAACGTTCGG,IDT10_i7_51,CGATGTCTTG
IDT10_UDI_52,IDT10_i5_52,AACGCCATTC,IDT10_i7_52,GAGATGAGAG
IDT10_UDI_53,IDT10_i5_53,TCCTGAACTT,IDT10_i7_53,TCACCATAAG
IDT10_UDI_54,IDT10_i5_54,ACAATTGGTC,IDT10_i7_54,ACTTCCGGCA
IDT10_UDI_55,IDT10_i5_55,GTCACAGACA,IDT10_i7_55,AAGCGCTTAG
IDT10_UDI_56,IDT10_i5_56,GCCAATGTTC,IDT10_i7_56,AACAACACAG
IDT10_UDI_57,IDT10_i5_57,TAGTGTTACG,IDT10_i7_57,AGACTAGATG
IDT10_UDI_58,IDT10_i5_58,TTGGAAGTAC,IDT10_i7_58,CCTCTATAGA
IDT10_UDI_59,IDT10_i5_59,AAGACGCTAA,IDT10_i7_59,TACGCTACTT
IDT10_UDI_60,IDT10_i5_60,AGACGGTCAA,IDT10_i7_60,CGCACTGGTA
IDT10_UDI_61,IDT10_i5_61,GAGAAGCCGT,IDT10_i7_61,AACTCTCTAC
IDT10_UDI_62,IDT10_i5_62,ATACATCGCA,IDT10_i7_62,GCCACCTAGT
IDT10_UDI_63,IDT10_i5_63,TGCTGAACGC,IDT10_i7_63,CTCCGCCATA
IDT10_UDI_64,IDT10_i5_64,CTTCCTAGGC,IDT10_i7_64,TGACACGATT
IDT10_UDI_65,IDT10_i5_65,CGTTGGTAAC,IDT10_i7_65,GTGCTCTAGG
IDT10_UDI_66,IDT10_i5_66,CTTGGTTCGT,IDT10_i7_66,GCAATCTGCT
IDT10_UDI_67,IDT10_i5_67,GACTTGCGTG,IDT10_i7_67,CTCTATTGAG
IDT10_UDI_68,IDT10_i5_68,CTTCTCCAGC,IDT10_i7_68,CACTTACGGC
IDT10_UDI_69,IDT10_i5_69,CGTACACTGG,IDT10_i7_69,TCAGCATCTA
IDT10_UDI_70,IDT10_i5_70,TCGCATCAAC,IDT10_i7_70,GTTGCATCAA
IDT10_UDI_71,IDT10_i5_71,ATAACAAGCG,IDT10_i7_71,ATGACAGCAC
IDT10_UDI_72,IDT10_i5_72,TGAACGTTAC,IDT10_i7_72,TAGCGACGGA
IDT10_UDI_73,IDT10_i5_73,GAAGACTCGG,IDT10_i7_73,GTATGCCACA
IDT10_UDI_74,IDT10_i5_74,TAGCGCAATA,IDT10_i7_74,AGTATCCGAT
IDT10_UDI_75,IDT10_i5_75,TTAGACCACA,IDT10_i7_75,AACGAAGATC
IDT10_UDI_76,IDT10_i5_76,CGTAGACGTG,IDT10_i7_76,CCTCCTGTGA
IDT10_UDI_77,IDT10_i5_77,TCACTGGACT,IDT10_i7_77,TAGGCGAATG
IDT10_UDI_78,IDT10_i5_78,GACCAAGCAT,IDT10_i7_78,AGTAAGGAGA
IDT10_UDI_79,IDT10_i5_79,GCGAGTATCA,IDT10_i7_79,CCGAACAGAG
IDT10_UDI_80,IDT10_i5_80,CTCTCGATAA,IDT10_i7_80,AGAACTAACG
IDT10_UDI_81,IDT10_i5_81,AATACTGGCA,IDT10_i7_81,GAGCAGCTTG
IDT10_UDI_82,IDT10_i5_82,TATGCAACTC,IDT10_i7_82,CCGATAGTAG
IDT10_UDI_83,IDT10_i5_83,ATGCTAGTGT,IDT10_i7_83,GTGTCTACAG
IDT10_UDI_84,IDT10_i5_84,CCATTAGAAC,IDT10_i7_84,GTACAGACCG
IDT10_UDI_85,IDT10_i5_85,AACGTGAACG,IDT10_i7_85,GCCAACAGAC
IDT10_UDI_86,IDT10_i5_86,TAACGCAGTC,IDT10_i7_86,CCTCGTTGGA
IDT10_UDI_87,IDT10_i5_87,CCATAAGCCA,IDT10_i7_87,AATAGGTAGG
IDT10_UDI_88,IDT10_i5_88,GTGCCTCTGA,IDT10_i7_88,TATGCGTAGC
IDT10_UDI_89,IDT10_i5_89,TAGCCTAGCG,IDT10_i7_89,CCAGTCGTCA
IDT10_UDI_90,IDT10_i5_90,TGTTACGGTT,IDT10_i7_90,AGAAGACCTA
IDT10_UDI_91,IDT10_i5_91,TCATACCAAG,IDT10_i7_91,CCGTGAGTTC
IDT10_UDI_92,IDT10_i5_92,CGGATCTACA,IDT10_i7_92,TCAATTCCGA
IDT10_UDI_93,IDT10_i5_93,CGGTAGAGTT,IDT10_i7_93,CGGAACACAA
IDT10_UDI_94,IDT10_i5_94,GAATGTCACG,IDT10_i7_94,CTATAACGGA
IDT10_UDI_95,IDT10_i5_95,CCTGGTACAG,IDT10_i7_95,AGATGTAAGG
IDT10_UDI_96,IDT10_i5_96,CGGAACCAGT,IDT10_i7_96,ATGCTTACTG
IDT10_UDI_97,IDT10_i5_97,GCTATAGCTT,IDT10_i7_97,GCGCGGTTAA
IDT10_UDI_98,IDT10_i5_98,TGCTGTCTTA,IDT10_i7_98,TTCCTTGAGG
IDT10_UDI_99,IDT10_i5_99,AATCTTCGCT,IDT10_i7_99,GAGTCGCTTC
IDT10_UDI_100,IDT10_i5_100,CGCCATCAAT,IDT10_i7_100,GTACGCTCAA
IDT10_UDI_101,IDT10_i5_101,ACACTGGTCG,IDT10_i7_101,TAGAAGATCG
IDT10_UDI_102,IDT10_i5_102,AGGACCTGTA,IDT10_i7_102,AACCTAGTGC
IDT10_UDI_103,IDT10_i5_103,ATAGAGATGC,IDT10_i7_103,CGTGTATGTC
IDT10_UDI_104,IDT10_i5_104,TCCAATGCCA,IDT10_i7_104,TTCAGATCCA
IDT10_UDI_105,IDT10_i5_105,GACACACCAA,IDT10_i7_105,CTCACCAGTT
IDT10_UDI_106,IDT10_i5_106,GAGTGTACGT,IDT10_i7_106,ACTAGTAGTC
IDT10_UDI_107,IDT10_i5_107,GCGACCTTGA,IDT10_i7_107,AATAGACTGC
IDT10_UDI_108,IDT10_i5_108,GACGCTATAC,IDT10_i7_108,ATGATCAACG
IDT10_UDI_109,IDT10_i5_109,CCTGGATTGG,IDT10_i7_109,TAGGAAGCGG
IDT10_UDI_110,IDT10_i5_110,TCGCGATGTC,IDT10_i7_110,GCATCCTACT
IDT10_UDI_111,IDT10_i5_111,CAATACGACA,IDT10_i7_111,AGTCCAGCGT
IDT10_UDI_112,IDT10_i5_112,CTAGACACTC,IDT10_i7_112,AGGCAGCCAT
IDT10_UDI_113,IDT10_i5_113,ACATGGCCTG,IDT10_i7_113,GCGACTCGTA
IDT10_UDI_114,IDT10_i5_114,CAAGATACGT,IDT10_i7_114,GTATCTGAGG
IDT10_UDI_115,IDT10_i5_115,AATACCACCA,IDT10_i7_115,CATCACCTAA
IDT10_UDI_116,IDT10_i5_116,TCCAGCTCAT,IDT10_i7_116,CGGCATATAC
IDT10_UDI_117,IDT10_i5_117,CTCTAGCCTA,IDT10_i7_117,CACGAGTGTC
IDT10_UDI_118,IDT10_i5_118,GTAGAAGCAT,IDT10_i7_118,CGGAGACTAT
IDT10_UDI_119,IDT10_i5_119,CACCAGCACA,IDT10_i7_119,AAGGTGTTAG
IDT10_UDI_120,IDT10_i5_120,ATCTTGCGGC,IDT10_i7_120,GCGATGGAAG
IDT10_UDI_121,IDT10_i5_121,TAGAGAGTAC,IDT10_i7_121,ACGGTCGCAT
IDT10_UDI_122,IDT10_i5_122,TCTCGGAGTT,IDT10_i7_122,TTACACACGG
IDT10_UDI_123,IDT10_i5_123,CCGCGATTAG,IDT10_i7_123,CGAGATTAGA
IDT10_UDI_124,IDT10_i5_124,TTGTGTCTGC,IDT10_i7_124,CAAGGATCGA
IDT10_UDI_125,IDT10_i5_125,AGTGCCGATG,IDT10_i7_125,ACAACACACA
IDT10_UDI_126,IDT10_i5_126,GATCTATTGG,IDT10_i7_126,AAGAGCTCGC
IDT10_UDI_127,IDT10_i5_127,CCGATATGTC,IDT10_i7_127,ACAGAGGCGT
IDT10_UDI_128,IDT10_i5_128,CATATTGGAG,IDT10_i7_128,AACTGTACGG
IDT10_UDI_129,IDT10_i5_129,ACACAATGGT,IDT10_i7_129,GCGAAGTAGG
IDT10_UDI_130,IDT10_i5_130,GATCAAGCCA,IDT10_i7_130,GTGAAGACAC
IDT10_UDI_131,IDT10_i5_131,AAGTCCATAG,IDT10_i7_131,GACTTAGGTC
IDT10_UDI_132,IDT10_i5_132,CCACGACTTC,IDT10_i7_132,AGGACGGACA
IDT10_UDI_133,IDT10_i5_133,CGACTCACTA,IDT10_i7_133,CCTATGTGTA
IDT10_UDI_134,IDT10_i5_134,TTCCGTCCAA,IDT10_i7_134,CAACGTTGAC
IDT10_UDI_135,IDT10_i5_135,ATCTCTGGTA,IDT10_i7_135,TGACATAGGT
IDT10_UDI_136,IDT10_i5_136,CCTAACTCAT,IDT10_i7_136,TTACACCAAC
IDT10_UDI_137,IDT10_i5_137,TTCGATGACG,IDT10_i7_137,CCTGGAATTA
IDT10_UDI_138,IDT10_i5_138,AACTAGGTCA,IDT10_i7_138,GCAACATCAA
IDT10_UDI_139,IDT10_i5_139,AGTACCATGA,IDT10_i7_139,ACAGCCAGGT
IDT10_UDI_140,IDT10_i5_140,CTGTCCTGTC,IDT10_i7_140,TAGTCCATCT
IDT10_UDI_141,IDT10_i5_141,AGTCGTCACG,IDT10_i7_141,GCCTCTCAGA
IDT10_UDI_142,IDT10_i5_142,GCCGGTAAGT,IDT10_i7_142,TAGGTTCAAG
IDT10_UDI_143,IDT10_i5_143,GAAGGAGAGC,IDT10_i7_143,AAGACTCTCG
IDT10_UDI_144,IDT10_i5_144,CGTGGTCACT,IDT10_i7_144,GAAGATCGAC
IDT10_UDI_145,IDT10_i5_145,CTAACAGCCG,IDT10_i7_145,TTGGATTGTC
IDT10_UDI_146,IDT10_i5_146,ACTCCGACTG,IDT10_i7_146,AATTGGCACA
IDT10_UDI_147,IDT10_i5_147,ACAGACTCAT,IDT10_i7_147,AGGCAATCGC
IDT10_UDI_148,IDT10_i5_148,TACCAGAACG,IDT10_i7_148,TGCAACACTA
IDT10_UDI_149,IDT10_i5_149,GCCGTCAATG,IDT10_i7_149,GAATCGCCTG
IDT10_UDI_150,IDT10_i5_150,CATTGGCCAA,IDT10_i7_150,TCGCATGACA
IDT10_UDI_151,IDT10_i5_151,TATTAGCAGC,IDT10_i7_151,TCAATACGTG
IDT10_UDI_152,IDT10_i5_152,CGATCATCGA,IDT10_i7_152,ATTCTCCACG
IDT10_UDI_153,IDT10_i5_153,CTGGTACACA,IDT10_i7_153,TGTTACAGAG
IDT10_UDI_154,IDT10_i5_154,GCTGGCCAAT,IDT10_i7_154,TTACGGACGC
IDT10_UDI_155,IDT10_i5_155,GACATTCAAG,IDT10_i7_155,CCAATGTTGA
IDT10_UDI_156,IDT10_i5_156,TGAACATCGG,IDT10_i7_156,CGTACTTAGA
IDT10_UDI_157,IDT10_i5_157,ATGGTGGTGC,IDT10_i7_157,GCCGTGAACA
IDT10_UDI_158,IDT10_i5_158,CTACGTGGTA,IDT10_i7_158,AGGAGACCAC
IDT10_UDI_159,IDT10_i5_159,TAGTCGGTGA,IDT10_i7_159,GAAGCAAGCG
IDT10_UDI_160,IDT10_i5_160,CTCGTAGGTC,IDT10_i7_160,AACGCGACTG
IDT10_UDI_161,IDT10_i5_161,ACCACTCTCT,IDT10_i7_161,TTCGCGGACT
IDT10_UDI_162,IDT10_i5_162,AGTTAGTCAC,IDT10_i7_162,TCGTGACGAC
IDT10_UDI_163,IDT10_i5_163,CTTATTCGGA,IDT10_i7_163,TCAATCTAGC
IDT10_UDI_164,IDT10_i5_164,AGCTATAGAG,IDT10_i7_164,GCGGAGTCAA
IDT10_UDI_165,IDT10_i5_165,CTGGCATCCA,IDT10_i7_165,GATGCTAGAA
IDT10_UDI_166,IDT10_i5_166,CCTAGCAATT,IDT10_i7_166,ACGATGGTTA
IDT10_UDI_167,IDT10_i5_167,CCTCCTCTTG,IDT10_i7_167,AGAGCAGTAT
IDT10_UDI_168,IDT10_i5_168,ATGCCTTCAT,IDT10_i7_168,TTGTGATCCT
IDT10_UDI_169,IDT10_i5_169,CACGGATGAA,IDT10_i7_169,TAAGATCGGA
IDT10_UDI_170,IDT10_i5_170,AATCCGCCAT,IDT10_i7_170,TTAGTTGCTG
IDT10_UDI_171,IDT10_i5_171,AGTGTGTGAG,IDT10_i7_171,AGTCAGATGC
IDT10_UDI_172,IDT10_i5_172,GAACTCAATG,IDT10_i7_172,AGTACAACTG
IDT10_UDI_173,IDT10_i5_173,TCGTTGTAGC,IDT10_i7_173,CTTAGTACGC
IDT10_UDI_174,IDT10_i5_174,TGAACAACTC,IDT10_i7_174,GTACGCATCG
IDT10_UDI_175,IDT10_i5_175,CACGGAATTG,IDT10_i7_175,ACTTCCGTTC
IDT10_UDI_176,IDT10_i5_176,GACGGTAACA,IDT10_i7_176,CCACCTGCTT
IDT10_UDI_177,IDT10_i5_177,TTGACAGGTA,IDT10_i7_177,TGGTGGTTGT
IDT10_UDI_178,IDT10_i5_178,CTCCTGAATG,IDT10_i7_178,ACGCAACACA
IDT10_UDI_179,IDT10_i5_179,GATACGGAGG,IDT10_i7_179,CCAGTGCACT
IDT10_UDI_180,IDT10_i5_180,CGGTAACACG,IDT10_i7_180,CATCAGGCGT
IDT10_UDI_181,IDT10_i5_181,GCAGACTTCA,IDT10_i7_181,ATCCTAGAAC
IDT10_UDI_182,IDT10_i5_182,AGAGAACCAT,IDT10_i7_182,GCCTAGAGTC
IDT10_UDI_183,IDT10_i5_183,CCTTAAGCAG,IDT10_i7_183,CTTACTCTCT
IDT10_UDI_184,IDT10_i5_184,ACAGGTAGAA,IDT10_i7_184,CCGACAACCT
IDT10_UDI_185,IDT10_i5_185,GCTCTTCGAT,IDT10_i7_185,GATCTGTATG
IDT10_UDI_186,IDT10_i5_186,CTAAGTTCTG,IDT10_i7_186,ATAGGCAGTG
IDT10_UDI_187,IDT10_i5_187,AGACGCTGTG,IDT10_i7_187,GAATAGAGTG
IDT10_UDI_188,IDT10_i5_188,TCTGAAGACA,IDT10_i7_188,GTAACAGGAA
IDT10_UDI_189,IDT10_i5_189,CCTCATAACT,IDT10_i7_189,ATGGTTGTTG
IDT10_UDI_190,IDT10_i5_190,ATAGGCATAC,IDT10_i7_190,ACAATAGCAC
IDT10_UDI_191,IDT10_i5_191,TTCATGGTGC,IDT10_i7_191,CTACAAGTTC
IDT10_UDI_192,IDT10_i5_192,CGGACGGAAT,IDT10_i7_192,AACCTGATCT
