WELL_POSITION,I7_INDEX_READ,I5_INDEX_READ_NOVASEQ
A1,CACTGTAGNN,AAGCGACTNN
B1,GTGCACGANN,TGATAGGCNN
C1,ATGTTCCTNN,TCAGCGCCNN
E1,TCTTGTTTNN,CCTTTCACNN
F1,GGCTTACTNN,CTTTCCCTNN
A2,AAGCGACTNN,ACGAATCCNN
B2,TGATAGGCNN,GTCTGAGTNN
F2,GAGGACCANN,ATGCCGGTNN
H2,CTGAGCTCNN,ATCAGAGCNN
A3,ACGAATCCNN,ATTACCCANN
D3,TGTCACACNN,TAATCTCGNN
E3,GATATGAANN,TACGGCAGNN
F3,AAGTGTGGNN,TGCCCATCNN
G3,GTTGGCGTNN,CAGCAGTCNN
H3,TAGCTGGCNN,TACCGGCTNN
A4,ATTACCCANN,CACTGTAGNN
C4,CAGGTAAGNN,CTCGAAATNN
D4,AAGGAGACNN,CTCACAACNN
F4,ACCGTAAGNN,CATATCCANN
H4,TTGGGTACNN,CTTCCAACNN
A5,TTCAATAGNN,TCCCACGANN
C5,AGAAGCCTNN,GTCAGTATNN
D5,CTAGGTTGNN,ATTCGAGCNN
E5,TGTGTCAGNN,CACCTGTANN
F5,AGAACCAGNN,CCGACTCTNN
G5,ATTGGACANN,TTGCTGGANN
H5,ACCCGTTGNN,CAGCTTCGNN
A6,ACCGGAGTNN,AAGGAAGGNN
C6,GCCACGACNN,CCTCGGGTNN
D6,TCTGGAACNN,TAGCACCTNN
E6,CACTAGACNN,TGAGGACTNN
F6,TTGCGTTANN,TTCCCGAANN
H6,CAACCGAGNN,TACCTGTGNN
A7,TGTTCGCCNN,AGGTAGGANN
C7,TCAGCGCCNN,ATGTTCCTNN
E7,CCTTTCACNN,TCTTGTTTNN
F7,CTTTCCCTNN,GGCTTACTNN
B8,CCATCCGCNN,AAGGCGTANN
F8,ATGCCGGTNN,GAGGACCANN
H8,ATCAGAGCNN,CTGAGCTCNN
B9,AAGGCGTANN,CCATCCGCNN
D9,TAATCTCGNN,TGTCACACNN
E9,TACGGCAGNN,GATATGAANN
F9,TGCCCATCNN,AAGTGTGGNN
G9,CAGCAGTCNN,GTTGGCGTNN
H9,TACCGGCTNN,TAGCTGGCNN
A10,AGGTAGGANN,TGTTCGCCNN
C10,CTCGAAATNN,CAGGTAAGNN
D10,CTCACAACNN,AAGGAGACNN
F10,CATATCCANN,ACCGTAAGNN
H10,CTTCCAACNN,TTGGGTACNN
A11,AAGGAAGGNN,ACCGGAGTNN
C11,GTCAGTATNN,AGAAGCCTNN
D11,ATTCGAGCNN,CTAGGTTGNN
E11,CACCTGTANN,TGTGTCAGNN
F11,CCGACTCTNN,AGAACCAGNN
G11,TTGCTGGANN,ATTGGACANN
H11,CAGCTTCGNN,ACCCGTTGNN
A12,TCCCACGANN,TTCAATAGNN
C12,CCTCGGGTNN,GCCACGACNN
D12,TAGCACCTNN,TCTGGAACNN
E12,TGAGGACTNN,CACTAGACNN
F12,TTCCCGAANN,TTGCGTTANN
H12,TACCTGTGNN,CAACCGAGNN
